response_id,organization_id,specialist_name
f4ee66dccede10144292e1be2b05fc46,527,Cindy Boisvert
1721eded9214cc0e559e62adcb6864fc,497,Cindy Boisvert
301a21540c3f2f6a3fe07af7c7faa7cb,459,Cindy Boisvert
c00ded171ade6dc4fdbd77165c1a8809,396,Cindy Boisvert
902c1e1a5dbf3d391ed473c7f71f3263,388,Cindy Boisvert
5ba2e14bd167fcc7c59fc55f79ecd761,317,Cindy Boisvert
d83d7b5dc1c47559f7039646092cb051,318,Cindy Boisvert
dbf8c977210621d90ec3c29ddd8bee3c,318,Cindy Boisvert
ba02ed4dbcf845962821569d8213808c,294,Cindy Boisvert
22ecc6735ae5eb24ff9261064ddf251c,292,Cindy Boisvert
f155f9867251a260760da40be557af35,596,Cindy Boisvert
589a9c2158bff2792df028b5b8876192,591,Jason Kokolakis
b40056d2e7c640b41de6753488ed8016,581,Cindy Boisvert
38073779e4e76934a63cf509f11db9d9,561,Cindy Boisvert
7aaaffbd066f786e6c117df97aa4e362,567,Cindy Boisvert
1773ebedf4a4f232090463357db141f1,556,Cindy Boisvert
73858506fa256b88f88af183ed823131,544,Cindy Boisvert
c86c6a1e1afe8ec75de6c6cba66932c3,533,Jason Kokolakis
b3ed48d71893090406abe3a2a405f843,523,Cindy Boisvert
d75059512436a8c268ddc90cb9be76ca,515,Cindy Boisvert
318049bfbfa3064ce0af611889cd98b5,507,Cindy Boisvert
ec0552f60bf8e97237ac03b1e55b2648,491,Cindy Boisvert
f6251cab157543ca6a5be9cc3f59fa1a,514,Cindy Boisvert
458db242405310f6a1820e288a50110f,499,Cindy Boisvert
c92d3f1f3c79298ad77df8cb19808ac0,500,Cindy Boisvert
f88760e3768888979607b3518d8881af,490,Cindy Boisvert
3f540d362c8f561d1bad813530fe08b3,486,Cindy Boisvert
984dab7a1a1a63dcab4ac14e06e668f5,453,Cindy Boisvert
99439d3bb33331c6517795603bc22970,456,Cindy Boisvert
b2d6fbd07372bade5959f9a1a3008b2c,462,Cindy Boisvert
d56d7b2100ef645296595cbcb6a1b275,447,Cindy Boisvert
8a66a3fff1acbaf0439f8dbb51f1fed2,445,Cindy Boisvert
c88b2436b7900d95a7cbf3222eb19045,409,Cindy Boisvert
eb223afa7672890d7797b967fa03ba5b,413,Cindy Boisvert
c6cecb985f6c9ad06fff5b37391895e3,414,Cindy Boisvert
926ae314f4f812d0e25f80d42d5f93b0,411,Cindy Boisvert
231fe1260bc9cfa6423af8d75fe81d20,395,Cindy Boisvert
07a3e9a63f672d59a7a676fadc045899,399,Cindy Boisvert
ae652be0691d9005261f7c54e07de4be,398,Cindy Boisvert
c26997b0dd17f6babfa66b64f9e97a23,327,Cindy Boisvert
2e893866ac6bca2b544579c3ab5c5f64,380,Cindy Boisvert
02c21271332f97ff2664ea5f49c45801,370,Cindy Boisvert
1fbb8134d4a455eb50c3f11fd3f4a6a7,273,Cindy Boisvert
cb4864571b9de1ff2f0b5d809e69744a,320,Cindy Boisvert
000c4c8492d3a1455839c3405825a3f8,320,Cindy Boisvert
3549f0d04ddb2506e31949fa6e44af07,276,Cindy Boisvert
4ef99f28e9da193944d56ee6f59c9b48,283,Cindy Boisvert
d2df6cf8783acaa7bad805407110a53b,289,Cindy Boisvert
16c11fe7bf85a7a20e7dfb0b7163cc8e,295,Cindy Boisvert
28433d95162ee476fec42732f7649b21,276,Cindy Boisvert
728b80ea9279d78628bdd93acd6ffc5b,664,
f0c896c462a58b2ae5e0ede4e4783216,668,
69f1f96da348b44308603940eb807f84,682,
49d4d69f1c56cc123ac9c3213521a443,727,
1a7afd87a4dcdecd9f6fea2dbeb05a69,781,
a690c35d28a317a7caf7c1ec0b156e04,603,Cindy Boisvert
a3152bab6b776188008ef45f8d61d67e,825,Cindy Boisvert