tags,tag_type
messaging,feature
video,feature
login,feature
mentions,feature
notifications,feature
profile,feature
avatar,feature
account,feature
care-plan,feature
episode-properties,feature
family,feature
inbox,feature
language,feature
location,feature
patient-profile,feature
payment,feature
permissions,feature
practitioner-profile,feature
privacy,feature
questionnaires,feature
reminders,feature
signup,feature
state-assignment,feature
slash-commands,feature
timezones,feature
performance,feature
infrastructure,feature
installation,feature
update,feature
maestro-org-profile,feature
maestro-members,feature
maestro-billing,feature
dxa,feature
notes,feature
scope-of-practice,feature
android,operating_system
windows,operating_system
ios,operating_system
macos,operating_system
patient-app,platform
care-platform,platform
maestro,platform